Product Name,Price,Rating,Ratings & Reviews
Samsung 80cm (32 inch) HD Ready LED Smart TV,"₹13,999",4.4,782 Ratings & 72 Reviews
Mi 4A PRO 80 cm (32) HD Ready LED Smart Android TV With Google Data Saver,"₹12,499",4.4,"4,56,878 Ratings & 48,973 Reviews"
Vu Premium 108cm (43 inch) Full HD LED Smart Android TV,"₹20,499",4.3,"10,231 Ratings & 1,610 Reviews"
Samsung 80cm (32 inch) HD Ready LED Smart TV  with Voice Search,"₹14,999",4.3,"1,750 Ratings & 276 Reviews"
Vu Premium 80cm (32 inch) HD Ready LED Smart Android TV,"₹12,199",4.3,"10,231 Ratings & 1,610 Reviews"
Mi 4A Pro 108 cm (43) Full HD LED Smart Android TV With Google Data Saver,"₹21,999",4.4,"4,56,878 Ratings & 48,973 Reviews"
LG All-in-One 80cm (32 inch) HD Ready LED Smart TV,"₹14,999",4.3,"18,737 Ratings & 2,063 Reviews"
Thomson B9 Pro 102cm (40 inch) Full HD LED Smart TV,"₹15,499",4.3,"66,505 Ratings & 15,914 Reviews"
LG All-in-One 108cm (43 inch) Full HD LED Smart TV,"₹27,999",4.3,"18,737 Ratings & 2,063 Reviews"
Thomson 108cm (43 inch) Ultra HD (4K) LED Smart Android TV,"₹24,999",4.5,434 Ratings & 159 Reviews
Mi 4X 125.7 cm (50) Ultra HD (4K) LED Smart Android TV,"₹29,999",4.4,"24,341 Ratings & 3,094 Reviews"
Realme 80cm (32 inch) HD Ready LED Smart Android TV,"₹12,999",4.3,"9,655 Ratings & 1,508 Reviews"
Realme 108cm (43 inch) Full HD LED Smart Android TV,"₹21,999",4.3,"9,655 Ratings & 1,508 Reviews"
Nokia 139cm (55 inch) Ultra HD (4K) LED Smart Android TV  with Sound by JBL,"₹41,999",4.4,"3,798 Ratings & 896 Reviews"
Motorola 109cm (43 inch) Ultra HD (4K) LED Smart Android TV  with Wireless Gamepad,"₹28,999",4.3,"7,397 Ratings & 1,425 Reviews"
Motorola 80.5cm (32 inch) HD Ready LED Smart Android TV  with Wireless Gamepad,"₹13,999",4.3,"11,557 Ratings & 1,987 Reviews"
Samsung 108cm (43 inch) Ultra HD (4K) LED Smart TV,"₹35,999",4.5,357 Ratings & 85 Reviews
Motorola 139cm (55 inch) Ultra HD (4K) LED Smart Android TV  with Wireless Gamepad,"₹38,499",4.3,"7,397 Ratings & 1,425 Reviews"
Thomson 123.2cm (49 inch) Ultra HD (4K) LED Smart Android TV  with In-built soundbar & Netflix,"₹26,999",4.5,"11,281 Ratings & 4,374 Reviews"
Vu Cinema 80cm (32 inch) HD Ready LED Smart Android TV,"₹13,499",4.4,"2,447 Ratings & 508 Reviews"
Mi 4A 100 cm (40) Full HD LED Smart Android TV With Google Data Saver,"₹17,999",4.4,"4,56,878 Ratings & 48,973 Reviews"
Thomson B9 Pro 80cm (32 inch) HD Ready LED Smart TV,"₹9,999",4.3,"66,505 Ratings & 15,914 Reviews"
Motorola 107.6cm (43 inch) Full HD LED Smart Android TV  with Wireless Gamepad,"₹23,999",4.3,"11,557 Ratings & 1,987 Reviews"
Samsung Series 4 80cm (32 inch) HD Ready LED Smart TV,"₹13,999",4.3,"40,348 Ratings & 5,122 Reviews"
